<?xml version="1.0" encoding="UTF-8"?>
<!--suppress ALL -->
<configuration debug="false" scan="true" scanPeriod="60 seconds">
    <!--定义日志文件的存储地址 勿在 LogBack 的配置中使用相对路径-->
    <property name="LOG_HOME" value="log"/>

    <!-- 控制台输出 -->
    <appender name="STDOUT" class="ch.qos.logback.core.ConsoleAppender">
        <encoder class="ch.qos.logback.classic.encoder.PatternLayoutEncoder">
            <!--格式化输出：%d表示日期，%thread表示线程名，%-5level：级别从左显示5个字符宽度%msg：日志消息，%n是换行符-->
            <pattern>%msg%n</pattern>
            <charset>utf-8</charset>
        </encoder>
    </appender>

    <logger name="com.zaxxer.hikari.pool.HikariPool" level="ERROR" additivity="false">
        <appender-ref ref="STDOUT"/>
    </logger>

    <logger name="com.zaxxer.hikari.HikariConfig" level="ERROR" additivity="false">
        <appender-ref ref="STDOUT"/>
    </logger>

    <root level="WARN">
        <appender-ref ref="STDOUT"/>
    </root>

    <!--<appender name="FILEMain" class="ch.qos.logback.core.rolling.RollingFileAppender">-->
    <!--<rollingPolicy class="ch.qos.logback.core.rolling.TimeBasedRollingPolicy">-->
    <!--&lt;!&ndash;日志文件输出的文件名&ndash;&gt;-->
    <!--<FileNamePattern>${LOG_HOME}/cita.main.%d{yyyy-MM-dd}.log</FileNamePattern>-->
    <!--&lt;!&ndash;日志文件保留天数&ndash;&gt;-->
    <!--<MaxHistory>30</MaxHistory>-->
    <!--</rollingPolicy>-->
    <!--<encoder class="ch.qos.logback.classic.encoder.PatternLayoutEncoder">-->
    <!--&lt;!&ndash;格式化输出：%d表示日期，%thread表示线程名，%-5level：级别从左显示5个字符宽度%msg：日志消息，%n是换行符&ndash;&gt;-->
    <!--<pattern>%d{yyyy-MM-dd HH:mm:ss.SSS} [%thread] %-5level %logger{50} [%file : %line] - %msg%n</pattern>-->
    <!--</encoder>-->
    <!--<triggeringPolicy class="ch.qos.logback.core.rolling.TimeBasedRollingPolicy">-->
    <!--<FileNamePattern>${LOG_HOME}/cita.main.%d{yyyy-MM-dd}.log</FileNamePattern>-->
    <!--</triggeringPolicy>-->
    <!--</appender>-->

    <!-- 日志输出级别 -->
    <!--<root level="DEBUG">-->
    <!--<appender-ref ref="FILEMain" />-->
    <!--</root>-->

</configuration>